S.No,Table_Name,Test_Suite_name,Run,Test_Case_Name,Description,Input_Parameter_Name_1,Input_Parameter_Value_1,Input_Parameter_Name_2,Input_Parameter_Value_2,Input_Parameter_Name_3,Input_Parameter_Value_3,Input_Parameter_Name_4,Input_Parameter_Value_4,Input_Parameter_Name_5,Input_Parameter_Value_5
1,Classification_Hierarchy,Metadata_Tables,Y,Add_Classification_Hierarchy,"Please enter the values  in columns G,I  corresponding to the field names Classification_name,Classification_Description respectively",Classification_name,Intel_100_5000,Classification_Description,Vignesh,,,,,,
2,Classification_Hierarchy,Metadata_Tables,Y,Edit_Classification,Please enter the values  in columns G corresponding to the field name Classification_Description respectively,Classification_name,Intel_100_5000,Classification_Description,Edit,,,,,,
3,Dataset,Metadata_Tables,Y,Add_Dataset,"Please enter the values  in columns  G, I, K ,M,O corresponding to the field name in columns Dataset Name,Dataset Description,File Type,File Delimiter,Header Indicator",Dataset_Name,First_Intel_200,Dataset_Description,Vignesh,File_Type,Delimited,File_Delimiter,",",Header_Ind,Y
4,Dataset,Metadata_Tables,Y,Edit_Dataset,"Please enter the values  in columns  G, I, K ,M,O corresponding to the field name in columns Dataset Name,Dataset Description,File Type,File Delimiter,Header Indicator
*note - The Dataset Name should be present in the table",Dataset_Name,First_Intel_200,Dataset_Description,Editing,File_Type,json,File_Delimiter,|,Header_Ind,N
6,Data_Dimension,Metadata_Tables,Y,Add_Data_Dimension,"Please enter the values  in columns G,I  corresponding to the field names Data_Dimension_Name,Data_Dimension_Description respectively",Data_Dimension_Name,Intel,Data_Dimension_Description,Vignesh,,,,,,
7,Data_Dimension,Metadata_Tables,Y,Edit_Data_Dimension,Please enter the values  in columns G corresponding to the field name Data_Dimension_Description respectively,Data_Dimension_Name,Intel,Data_Dimension_Description,Editing,,,,,,
8,Data_Ingestion_Mode,Metadata_Tables,Y,Add_Data_Ingestion_Mode,"Please enter the values  in columns G,I  corresponding to the field names Data_Ingestion_Mode_Name,Data_Ingestion_Mode_Description respectively",Data_Ingestion_Mode_Name,Intel,Data_Ingestion_Mode_Description,Vignesh,,,,,,
9,Data_Ingestion_Mode,Metadata_Tables,Y,Edit_Data_Ingestion_Mode,Please enter the values  in columns G corresponding to the field name Data_Ingestion_Mode_Description respectively,Data_Ingestion_Mode_Name,Intel,Data_Ingestion_Mode_Description,Editing,,,,,,
10,Action,Metadata_Tables,Y,Add_Action,"Please enter the values  in columns G,I  corresponding to the field names Action_Name,Action_Description respectively",Action_Name,Intel,Action_Description,Vignesh,,,,,,
11,Action,Metadata_Tables,Y,Edit_Action,Please enter the values  in columns G corresponding to the field name Action_Description respectively,Action_Name,Intel,Action_Description,Editing,,,,,,
12,File_Type,Metadata_Tables,Y,Add_File_Type,"Please enter the values  in columns G,I  corresponding to the field names File_Type_Name,File_Type_Description respectively",File_Type_Name,First_Intel_100-200-lsidfiosdf,File_Type_Description,Vignesh_1,,,,,,
13,File_Type,Metadata_Tables,Y,Edit_File_Type,Please enter the values  in columns G corresponding to the field name File_Type_Description and also the File Type Name should be already present in the Database,File_Type_Name,First_Intel_100-200-lsidfiosdf,File_Type_Description,Editing,,,,,,
16,Hierarchy_Type,Metadata_Tables,Y,Add_Hierarchy_Type,"Please enter the values  in columns G,I  corresponding to the field names Hierarchy_Type_Name,Hierarchy_Type_Description respectively",Hierarchy_Type_Name,Intel_100-1,Hierarchy_Type_Description,Vignesh,,,,,,
17,Hierarchy_Type,Metadata_Tables,Y,Edit_Hierarchy_Type,Please enter the values  in columns G corresponding to the field name Hierarchy_Type_Description respectively,Hierarchy_Type_Name,Intel_100-1,Hierarchy_Type_Description,Editing,,,,,,
18,Organisation_Id_Type,Metadata_Tables,Y,Add_Organisation_Id_Type,"Please enter the values  in columns G,I  corresponding to the field names Organisation_Id_Type_Name,Organisation_Id_Type_Description respectively",Organisation_Id_Type_Name,Intel_100-1,Organisation_Id_Type_Description,Vignesh,,,,,,
19,Organisation_Id_Type,Metadata_Tables,Y,Edit_Organisation_Id_Type,Please enter the values  in columns G corresponding to the field name Organisation_Id_Type_Description respectively,Organisation_Id_Type_Name,Intel_100-1,Organisation_Id_Type_Description,Editing,,,,,,
20,Platform,Metadata_Tables,Y,Add_Platform,"Please enter the values  in columns G,I  corresponding to the field names Platform_Name,Platform_Description respectively",Platform_Name,Intel_100-1,Platform_Description,Vignesh,,,,,,
21,Platform,Metadata_Tables,Y,Edit_Platform,Please enter the values  in columns G corresponding to the field name Platform_Description respectively,Platform_Name,Intel_100-1,Platform_Description,Editing,,,,,,
22,Provider,Metadata_Tables,Y,Add_Provider,"Please enter the values  in columns G,I  corresponding to the field names Provider_Name,Provider_Description respectively",Provider_Name,Intel_100-1,Provider_Description,Vignesh,,,,,,
23,Provider,Metadata_Tables,Y,Edit_Provider,Please enter the values  in columns G corresponding to the field name Provider_Description respectively,Provider_Name,Intel_100-1,Provider_Description,Editing,,,,,,
24,Process_Pipeline,Metadata_Tables,Y,Add_Processing_Pipeline_Type,"Please enter the values  in columns G,I  corresponding to the field names Process_Pipeline_Name,Process_Pipeline_Description respectively",Process_Pipeline_Name,Intel_100-1,Process_Pipeline_Description,Vignesh,,,,,,
25,Process_Pipeline,Metadata_Tables,Y,Edit_Processing_Pipeline_Type,Please enter the values  in columns G corresponding to the field name Process_Pipeline_Description respectively,Process_Pipeline_Name,Intel_100-1,Process_Pipeline_Description,Editing,,,,,,
26,Process_Status,Metadata_Tables,Y,Add_Processing_Status,"Please enter the values  in columns G,I  corresponding to the field names Process_Status_Name,Process_Status_Description respectively",Process_Status_Name,Intel_100-1,Process_Status_Description,Vignesh,,,,,,
27,Process_Status,Metadata_Tables,Y,Edit_Processing_Status,Please enter the values  in columns G corresponding to the field name Process_Status_Description respectively,Process_Status_Name,Intel_100-1,Process_Status_Description,Editing,,,,,,
28,Restate_Reason,Metadata_Tables,Y,Add_Restate_Reason,"Please enter the values  in columns G,I  corresponding to the field names Restate_Reason_Name,Restate_Reason_Description respectively",Restate_Reason_Name,Intel_100-1,Restate_Reason_Description,Vignesh,,,,,,
29,Restate_Reason,Metadata_Tables,Y,Edit_Restate_Reason,Please enter the values  in columns G corresponding to the field name Restate_Reason_Description respectively,Restate_Reason_Name,Intel_100-1,Restate_Reason_Description,Editing,,,,,,
30,Switch,Metadata_Tables,Y,Add_Switch,"Please enter the values  in columns G,I  corresponding to the field names Switch_Name,Switch_Description respectively",Switch_Name,Intel_100-1,Switch_Description,Vignesh,,,,,,
31,Switch,Metadata_Tables,Y,Edit_Switch,Please enter the values  in columns G corresponding to the field name Switch_Description respectively,Switch_Name,Intel_100-1,Switch_Description,Editing,,,,,,
32,Transformation,Metadata_Tables,Y,Add_Transformation,"Please enter the values  in columns G,I  corresponding to the field names Transformation_Name,Transformation_Description respectively",Transformation_Name,Intel_100-1,Transformation_Description,Vignesh,,,,,,
33,Transformation,Metadata_Tables,Y,Edit_Transformation,Please enter the values  in columns G corresponding to the field name Transformation_Description respectively,Transformation_Name,Intel_100-1,Transformation_Description,Editing,,,,,,
34,Use_Case_Type,Metadata_Tables,Y,Add_Use_Case_Type,"Please enter the values  in columns G,I  corresponding to the field names Use_Case_Type_Name,Use_Case_Type_Description respectively",Use_Case_Type_Name,Intel_100-1,Use_Case_Type_Description,Vignesh,,,,,,
35,Use_Case_Type,Metadata_Tables,Y,Edit_Use_Case_Type,Please enter the values  in columns G corresponding to the field name Use_Case_Type_Description respectively,Use_Case_Type_Name,Intel_100-1,Use_Case_Type_Description,Editing,,,,,,
36,Application_Type,Metadata_Tables,Y,Add_Application_Type,"Please enter the values  in columns G,I  corresponding to the field names Application_Type_Name,Application_Type_Description respectively",Application_Type_Name,Intel_100-1,Application_Type_Description,Vignesh,,,,,,
37,Application_Type,Metadata_Tables,Y,Edit_Application_Type,Please enter the values  in columns G corresponding to the field name Application_Type_Description respectively,Application_Type_Name,Intel_100-1,Application_Type_Description,Editing,,,,,,
38,Connection_Parameter,Metadata_Tables,Y,Add_Connection_Parameter,"Please enter the values  in columns G,I  corresponding to the field names Connection_Parameter_Name,Connection_Parameter_Description respectively",Connection_Parameter_Name,Intel_100-1,Connection_Parameter_Description,Vignesh,,,,,,
39,Connection_Parameter,Metadata_Tables,Y,Edit_Connection_Parameter,Please enter the values  in columns G corresponding to the field name Connection_Parameter_Description respectively,Connection_Parameter_Name,Intel_100-1,Connection_Parameter_Description,Editing,,,,,,
40,Database_Type,Metadata_Tables,Y,Add_Database_Type,"Please enter the values  in columns G,I  corresponding to the field names Database_Type_Name,Database_Type_Description respectively",Database_Type_Name,Intel_100-1,Database_Type_Description,Vignesh,,,,,,
41,Database_Type,Metadata_Tables,Y,Edit_Database_Type,Please enter the values  in columns G corresponding to the field name Database_Type_Description respectively,Database_Type_Name,Intel_100-1,Database_Type_Description,Editing,,,,,,
42,External_Object_Type,Metadata_Tables,Y,Add_External_Object_Type,"Please enter the values  in columns G,I  corresponding to the field names External_Object_Type_Name,External_Object_Type_Description respectively",External_Object_Type_Name,Intel_100-1,External_Object_Type_Description,Vignesh,,,,,,
43,External_Object_Type,Metadata_Tables,Y,Edit_External_Object_Type,Please enter the values  in columns G corresponding to the field name External_Object_Type_Description respectively,External_Object_Type_Name,Intel_100-1,External_Object_Type_Description,Editing,,,,,,
44,Qualification_System,Metadata_Tables,Y,Add_Qualification_System,"Please enter the values  in columns G,I,K  corresponding to the field names Qualification System Name,Qualification System Description,File Type respectively",Qualification_System_Name,Intel_100-1,Qualification_System_Description,Vignesh,Platform,ERP,,,,
45,Qualification_System,Metadata_Tables,Y,Edit_Qualification_System,"Please enter the values  in columns G,I corresponding to the field name Qualification System Description,File Type respectively",Qualification_System_Name,Intel_100-1,Qualification_System_Description,Editing_1,Platform,CRM,,,,
46,External_Application,Metadata_Tables,Y,Add_External_Application,"Please enter the values  in columns G,I,K,M  corresponding to the field names External Application Name,External Application Description,External Database Type Name,External Application Type Name respectively",External_Application_Name,Intel_100-1,External_Application_Description,Vignesh,External_Database_Type_Name,Hive,External_Application_Type_Name,DBMS,,
47,External_Application,Metadata_Tables,Y,Edit_External_Application,"Please enter the values  in columns G,I,K corresponding to the field name External Application Description,External Database Type Name,External Application Type Name respectively",External_Application_Name,Intel_100-1,External_Application_Description,Edit,External_Database_Type_Name,Oracle,External_Application_Type_Name,NON-DBMS,,
48,Application,Metadata_Tables,Y,Add_Application,"Please enter the values  in columns G,I  corresponding to the field names Application Name,Application Description respectively",Application_Name,Intel_100-1,Application_Description,Vignesh,,,,,,
49,Application,Metadata_Tables,Y,Edit_Application,Please enter the values  in columns G corresponding to the field name Application Description respectively,Application_Name,Intel_100-1,Application_Description,Editing,,,,,,
50,Affiliation,Metadata_Tables,Y,Add_Affiliation_Type,"Please enter the values  in columns G,I  corresponding to the field names Affiliation Type Name,Affiliation Type Description respectively",Affiliation_Type_Name,Intel_100-1,Affiliation_Type_Description,Vignesh,,,,,,
51,Affiliation,Metadata_Tables,Y,Edit_Affiliation_Type,Please enter the values  in columns G corresponding to the field name Affiliation Type Description respectively,Affiliation_Type_Name,Intel_100-1,Affiliation_Type_Description,Editing,,,,,,
52,Resource_Type,Metadata_Tables,Y,Add_Resource_Type,"Please enter the values  in columns G,I  corresponding to the field names Resource Type Name,Resource Type Description respectively",Resource_Type_Name,Intel_100-1,Resource_Type_Description,Vignesh,,,,,,
53,Resource_Type,Metadata_Tables,Y,Edit_Resource_Type,Please enter the values  in columns G corresponding to the field name Resource Type Description respectively,Resource_Type_Name,Intel_100-1,Resource_Type_Description,Editing,,,,,,
54,Principal_Type,Metadata_Tables,Y,Add_Principal_Type,"Please enter the values  in columns G,I  corresponding to the field names Principal Type Name,Principal Type Description respectively",Principal_Type_Name,Intel_100-1,Principal_Type_Description,Vignesh,,,,,,
55,Principal_Type,Metadata_Tables,Y,Edit_Principal_Type,Please enter the values  in columns G corresponding to the field name Principal Type Name respectively,Principal_Type_Name,Intel_100-1,Principal_Type_Description,Editing,,,,,,
56,,Upload_History_Page,N,Going_to_Upload_History_Page,,,,,,,,,,,
57,,Upload_History_Page,N,Pagetitle_Validation,,,,,,,,,,,
58,,Upload_History_Page,N,History_Tab_Subdescription_Validation,,,,,,,,,,,
62,,New_Template_Creation,Y,Add a New Platform,,Platform_Name,MANY,Platform_Desc,SUPER,,,,,,
63,,New_Template_Creation,Y,Add a New Subject Area,,Subject_Name,RED,Subject_Desc,Description,,,,,,
64,,New_Template_Creation,Y,Add a New Process,,Process_Name,ORANGE,Process_Desc,DESC,,,,,,
65,,New_Template_Creation,Y,Add a New Dataset,,Dataset_Name,First_Intel_2000,Dataset_Description,Vignesh,File_Type,Delimited,File_Delimiter,",",Header_Ind,Y
66,,New_Template_Creation,Y,Create_Field_Addition_Template,,Field_Name,one|two|three|four,Effective_Start_Date(yyyy-mm-dd),2022-08-22|2022-08-23|2022-08-25|2022-08-25,Effective_End_Date(yyyy-mm-dd),2022-08-25|2022-08-25|2022-08-25|2022-08-25,Mandatory_Fields,Y|N|Y|Y,,
68,,New_Template_Creation,Y,Create_JSON_Template,,JSON,one|two|three,,,,,,,,
69,,New_Template_Creation,Y,Create_XML_Template,,XML,one|two|three,,,,,,,,
