[{"S":{"No":"1"},"Table_Name":"Classification_Hierarchy","Test_Suite_name":"Metadata_Tables","Run":"Y","Test_Case_Name":"Add_Classification_Hierarchy","Description":"Please enter the values  in columns G,I  corresponding to the field names Classification_name,Classification_Description respectively","Input_Parameter_Name_1":"Classification_name","Input_Parameter_Value_1":"Intel_100_5000","Input_Parameter_Name_2":"Classification_Description","Input_Parameter_Value_2":"Vignesh","Input_Parameter_Name_3":"","Input_Parameter_Value_3":"","Input_Parameter_Name_4":"","Input_Parameter_Value_4":"","Input_Parameter_Name_5":"","Input_Parameter_Value_5":""},{"S":{"No":"2"},"Table_Name":"Classification_Hierarchy","Test_Suite_name":"Metadata_Tables","Run":"Y","Test_Case_Name":"Edit_Classification","Description":"Please enter the values  in columns G corresponding to the field name Classification_Description respectively","Input_Parameter_Name_1":"Classification_name","Input_Parameter_Value_1":"Intel_100_5000","Input_Parameter_Name_2":"Classification_Description","Input_Parameter_Value_2":"Edit","Input_Parameter_Name_3":"","Input_Parameter_Value_3":"","Input_Parameter_Name_4":"","Input_Parameter_Value_4":"","Input_Parameter_Name_5":"","Input_Parameter_Value_5":""},{"S":{"No":"3"},"Table_Name":"Dataset","Test_Suite_name":"Metadata_Tables","Run":"Y","Test_Case_Name":"Add_Dataset","Description":"Please enter the values  in columns  G, I, K ,M,O corresponding to the field name in columns Dataset Name,Dataset Description,File Type,File Delimiter,Header Indicator","Input_Parameter_Name_1":"Dataset_Name","Input_Parameter_Value_1":"First_Intel_200","Input_Parameter_Name_2":"Dataset_Description","Input_Parameter_Value_2":"Vignesh","Input_Parameter_Name_3":"File_Type","Input_Parameter_Value_3":"Delimited","Input_Parameter_Name_4":"File_Delimiter","Input_Parameter_Value_4":",","Input_Parameter_Name_5":"Header_Ind","Input_Parameter_Value_5":"Y"},{"S":{"No":"4"},"Table_Name":"Dataset","Test_Suite_name":"Metadata_Tables","Run":"Y","Test_Case_Name":"Edit_Dataset","Description":"Please enter the values  in columns  G, I, K ,M,O corresponding to the field name in columns Dataset Name,Dataset Description,File Type,File Delimiter,Header Indicator\r\n*note - The Dataset Name should be present in the table","Input_Parameter_Name_1":"Dataset_Name","Input_Parameter_Value_1":"First_Intel_200","Input_Parameter_Name_2":"Dataset_Description","Input_Parameter_Value_2":"Editing","Input_Parameter_Name_3":"File_Type","Input_Parameter_Value_3":"json","Input_Parameter_Name_4":"File_Delimiter","Input_Parameter_Value_4":"|","Input_Parameter_Name_5":"Header_Ind","Input_Parameter_Value_5":"N"},{"S":{"No":"6"},"Table_Name":"Data_Dimension","Test_Suite_name":"Metadata_Tables","Run":"Y","Test_Case_Name":"Add_Data_Dimension","Description":"Please enter the values  in columns G,I  corresponding to the field names Data_Dimension_Name,Data_Dimension_Description respectively","Input_Parameter_Name_1":"Data_Dimension_Name","Input_Parameter_Value_1":"Intel","Input_Parameter_Name_2":"Data_Dimension_Description","Input_Parameter_Value_2":"Vignesh","Input_Parameter_Name_3":"","Input_Parameter_Value_3":"","Input_Parameter_Name_4":"","Input_Parameter_Value_4":"","Input_Parameter_Name_5":"","Input_Parameter_Value_5":""},{"S":{"No":"7"},"Table_Name":"Data_Dimension","Test_Suite_name":"Metadata_Tables","Run":"Y","Test_Case_Name":"Edit_Data_Dimension","Description":"Please enter the values  in columns G corresponding to the field name Data_Dimension_Description respectively","Input_Parameter_Name_1":"Data_Dimension_Name","Input_Parameter_Value_1":"Intel","Input_Parameter_Name_2":"Data_Dimension_Description","Input_Parameter_Value_2":"Editing","Input_Parameter_Name_3":"","Input_Parameter_Value_3":"","Input_Parameter_Name_4":"","Input_Parameter_Value_4":"","Input_Parameter_Name_5":"","Input_Parameter_Value_5":""},{"S":{"No":"8"},"Table_Name":"Data_Ingestion_Mode","Test_Suite_name":"Metadata_Tables","Run":"Y","Test_Case_Name":"Add_Data_Ingestion_Mode","Description":"Please enter the values  in columns G,I  corresponding to the field names Data_Ingestion_Mode_Name,Data_Ingestion_Mode_Description respectively","Input_Parameter_Name_1":"Data_Ingestion_Mode_Name","Input_Parameter_Value_1":"Intel","Input_Parameter_Name_2":"Data_Ingestion_Mode_Description","Input_Parameter_Value_2":"Vignesh","Input_Parameter_Name_3":"","Input_Parameter_Value_3":"","Input_Parameter_Name_4":"","Input_Parameter_Value_4":"","Input_Parameter_Name_5":"","Input_Parameter_Value_5":""},{"S":{"No":"9"},"Table_Name":"Data_Ingestion_Mode","Test_Suite_name":"Metadata_Tables","Run":"Y","Test_Case_Name":"Edit_Data_Ingestion_Mode","Description":"Please enter the values  in columns G corresponding to the field name Data_Ingestion_Mode_Description respectively","Input_Parameter_Name_1":"Data_Ingestion_Mode_Name","Input_Parameter_Value_1":"Intel","Input_Parameter_Name_2":"Data_Ingestion_Mode_Description","Input_Parameter_Value_2":"Editing","Input_Parameter_Name_3":"","Input_Parameter_Value_3":"","Input_Parameter_Name_4":"","Input_Parameter_Value_4":"","Input_Parameter_Name_5":"","Input_Parameter_Value_5":""},{"S":{"No":"10"},"Table_Name":"Action","Test_Suite_name":"Metadata_Tables","Run":"Y","Test_Case_Name":"Add_Action","Description":"Please enter the values  in columns G,I  corresponding to the field names Action_Name,Action_Description respectively","Input_Parameter_Name_1":"Action_Name","Input_Parameter_Value_1":"Intel","Input_Parameter_Name_2":"Action_Description","Input_Parameter_Value_2":"Vignesh","Input_Parameter_Name_3":"","Input_Parameter_Value_3":"","Input_Parameter_Name_4":"","Input_Parameter_Value_4":"","Input_Parameter_Name_5":"","Input_Parameter_Value_5":""},{"S":{"No":"11"},"Table_Name":"Action","Test_Suite_name":"Metadata_Tables","Run":"Y","Test_Case_Name":"Edit_Action","Description":"Please enter the values  in columns G corresponding to the field name Action_Description respectively","Input_Parameter_Name_1":"Action_Name","Input_Parameter_Value_1":"Intel","Input_Parameter_Name_2":"Action_Description","Input_Parameter_Value_2":"Editing","Input_Parameter_Name_3":"","Input_Parameter_Value_3":"","Input_Parameter_Name_4":"","Input_Parameter_Value_4":"","Input_Parameter_Name_5":"","Input_Parameter_Value_5":""},{"S":{"No":"12"},"Table_Name":"File_Type","Test_Suite_name":"Metadata_Tables","Run":"Y","Test_Case_Name":"Add_File_Type","Description":"Please enter the values  in columns G,I  corresponding to the field names File_Type_Name,File_Type_Description respectively","Input_Parameter_Name_1":"File_Type_Name","Input_Parameter_Value_1":"First_Intel_100-200-lsidfiosdf","Input_Parameter_Name_2":"File_Type_Description","Input_Parameter_Value_2":"Vignesh_1","Input_Parameter_Name_3":"","Input_Parameter_Value_3":"","Input_Parameter_Name_4":"","Input_Parameter_Value_4":"","Input_Parameter_Name_5":"","Input_Parameter_Value_5":""},{"S":{"No":"13"},"Table_Name":"File_Type","Test_Suite_name":"Metadata_Tables","Run":"Y","Test_Case_Name":"Edit_File_Type","Description":"Please enter the values  in columns G corresponding to the field name File_Type_Description and also the File Type Name should be already present in the Database","Input_Parameter_Name_1":"File_Type_Name","Input_Parameter_Value_1":"First_Intel_100-200-lsidfiosdf","Input_Parameter_Name_2":"File_Type_Description","Input_Parameter_Value_2":"Editing","Input_Parameter_Name_3":"","Input_Parameter_Value_3":"","Input_Parameter_Name_4":"","Input_Parameter_Value_4":"","Input_Parameter_Name_5":"","Input_Parameter_Value_5":""},{"S":{"No":"16"},"Table_Name":"Hierarchy_Type","Test_Suite_name":"Metadata_Tables","Run":"Y","Test_Case_Name":"Add_Hierarchy_Type","Description":"Please enter the values  in columns G,I  corresponding to the field names Hierarchy_Type_Name,Hierarchy_Type_Description respectively","Input_Parameter_Name_1":"Hierarchy_Type_Name","Input_Parameter_Value_1":"Intel_100-1","Input_Parameter_Name_2":"Hierarchy_Type_Description","Input_Parameter_Value_2":"Vignesh","Input_Parameter_Name_3":"","Input_Parameter_Value_3":"","Input_Parameter_Name_4":"","Input_Parameter_Value_4":"","Input_Parameter_Name_5":"","Input_Parameter_Value_5":""},{"S":{"No":"17"},"Table_Name":"Hierarchy_Type","Test_Suite_name":"Metadata_Tables","Run":"Y","Test_Case_Name":"Edit_Hierarchy_Type","Description":"Please enter the values  in columns G corresponding to the field name Hierarchy_Type_Description respectively","Input_Parameter_Name_1":"Hierarchy_Type_Name","Input_Parameter_Value_1":"Intel_100-1","Input_Parameter_Name_2":"Hierarchy_Type_Description","Input_Parameter_Value_2":"Editing","Input_Parameter_Name_3":"","Input_Parameter_Value_3":"","Input_Parameter_Name_4":"","Input_Parameter_Value_4":"","Input_Parameter_Name_5":"","Input_Parameter_Value_5":""},{"S":{"No":"18"},"Table_Name":"Organisation_Id_Type","Test_Suite_name":"Metadata_Tables","Run":"Y","Test_Case_Name":"Add_Organisation_Id_Type","Description":"Please enter the values  in columns G,I  corresponding to the field names Organisation_Id_Type_Name,Organisation_Id_Type_Description respectively","Input_Parameter_Name_1":"Organisation_Id_Type_Name","Input_Parameter_Value_1":"Intel_100-1","Input_Parameter_Name_2":"Organisation_Id_Type_Description","Input_Parameter_Value_2":"Vignesh","Input_Parameter_Name_3":"","Input_Parameter_Value_3":"","Input_Parameter_Name_4":"","Input_Parameter_Value_4":"","Input_Parameter_Name_5":"","Input_Parameter_Value_5":""},{"S":{"No":"19"},"Table_Name":"Organisation_Id_Type","Test_Suite_name":"Metadata_Tables","Run":"Y","Test_Case_Name":"Edit_Organisation_Id_Type","Description":"Please enter the values  in columns G corresponding to the field name Organisation_Id_Type_Description respectively","Input_Parameter_Name_1":"Organisation_Id_Type_Name","Input_Parameter_Value_1":"Intel_100-1","Input_Parameter_Name_2":"Organisation_Id_Type_Description","Input_Parameter_Value_2":"Editing","Input_Parameter_Name_3":"","Input_Parameter_Value_3":"","Input_Parameter_Name_4":"","Input_Parameter_Value_4":"","Input_Parameter_Name_5":"","Input_Parameter_Value_5":""},{"S":{"No":"20"},"Table_Name":"Platform","Test_Suite_name":"Metadata_Tables","Run":"Y","Test_Case_Name":"Add_Platform","Description":"Please enter the values  in columns G,I  corresponding to the field names Platform_Name,Platform_Description respectively","Input_Parameter_Name_1":"Platform_Name","Input_Parameter_Value_1":"Intel_100-1","Input_Parameter_Name_2":"Platform_Description","Input_Parameter_Value_2":"Vignesh","Input_Parameter_Name_3":"","Input_Parameter_Value_3":"","Input_Parameter_Name_4":"","Input_Parameter_Value_4":"","Input_Parameter_Name_5":"","Input_Parameter_Value_5":""},{"S":{"No":"21"},"Table_Name":"Platform","Test_Suite_name":"Metadata_Tables","Run":"Y","Test_Case_Name":"Edit_Platform","Description":"Please enter the values  in columns G corresponding to the field name Platform_Description respectively","Input_Parameter_Name_1":"Platform_Name","Input_Parameter_Value_1":"Intel_100-1","Input_Parameter_Name_2":"Platform_Description","Input_Parameter_Value_2":"Editing","Input_Parameter_Name_3":"","Input_Parameter_Value_3":"","Input_Parameter_Name_4":"","Input_Parameter_Value_4":"","Input_Parameter_Name_5":"","Input_Parameter_Value_5":""},{"S":{"No":"22"},"Table_Name":"Provider","Test_Suite_name":"Metadata_Tables","Run":"Y","Test_Case_Name":"Add_Provider","Description":"Please enter the values  in columns G,I  corresponding to the field names Provider_Name,Provider_Description respectively","Input_Parameter_Name_1":"Provider_Name","Input_Parameter_Value_1":"Intel_100-1","Input_Parameter_Name_2":"Provider_Description","Input_Parameter_Value_2":"Vignesh","Input_Parameter_Name_3":"","Input_Parameter_Value_3":"","Input_Parameter_Name_4":"","Input_Parameter_Value_4":"","Input_Parameter_Name_5":"","Input_Parameter_Value_5":""},{"S":{"No":"23"},"Table_Name":"Provider","Test_Suite_name":"Metadata_Tables","Run":"Y","Test_Case_Name":"Edit_Provider","Description":"Please enter the values  in columns G corresponding to the field name Provider_Description respectively","Input_Parameter_Name_1":"Provider_Name","Input_Parameter_Value_1":"Intel_100-1","Input_Parameter_Name_2":"Provider_Description","Input_Parameter_Value_2":"Editing","Input_Parameter_Name_3":"","Input_Parameter_Value_3":"","Input_Parameter_Name_4":"","Input_Parameter_Value_4":"","Input_Parameter_Name_5":"","Input_Parameter_Value_5":""},{"S":{"No":"24"},"Table_Name":"Process_Pipeline","Test_Suite_name":"Metadata_Tables","Run":"Y","Test_Case_Name":"Add_Processing_Pipeline_Type","Description":"Please enter the values  in columns G,I  corresponding to the field names Process_Pipeline_Name,Process_Pipeline_Description respectively","Input_Parameter_Name_1":"Process_Pipeline_Name","Input_Parameter_Value_1":"Intel_100-1","Input_Parameter_Name_2":"Process_Pipeline_Description","Input_Parameter_Value_2":"Vignesh","Input_Parameter_Name_3":"","Input_Parameter_Value_3":"","Input_Parameter_Name_4":"","Input_Parameter_Value_4":"","Input_Parameter_Name_5":"","Input_Parameter_Value_5":""},{"S":{"No":"25"},"Table_Name":"Process_Pipeline","Test_Suite_name":"Metadata_Tables","Run":"Y","Test_Case_Name":"Edit_Processing_Pipeline_Type","Description":"Please enter the values  in columns G corresponding to the field name Process_Pipeline_Description respectively","Input_Parameter_Name_1":"Process_Pipeline_Name","Input_Parameter_Value_1":"Intel_100-1","Input_Parameter_Name_2":"Process_Pipeline_Description","Input_Parameter_Value_2":"Editing","Input_Parameter_Name_3":"","Input_Parameter_Value_3":"","Input_Parameter_Name_4":"","Input_Parameter_Value_4":"","Input_Parameter_Name_5":"","Input_Parameter_Value_5":""},{"S":{"No":"26"},"Table_Name":"Process_Status","Test_Suite_name":"Metadata_Tables","Run":"Y","Test_Case_Name":"Add_Processing_Status","Description":"Please enter the values  in columns G,I  corresponding to the field names Process_Status_Name,Process_Status_Description respectively","Input_Parameter_Name_1":"Process_Status_Name","Input_Parameter_Value_1":"Intel_100-1","Input_Parameter_Name_2":"Process_Status_Description","Input_Parameter_Value_2":"Vignesh","Input_Parameter_Name_3":"","Input_Parameter_Value_3":"","Input_Parameter_Name_4":"","Input_Parameter_Value_4":"","Input_Parameter_Name_5":"","Input_Parameter_Value_5":""},{"S":{"No":"27"},"Table_Name":"Process_Status","Test_Suite_name":"Metadata_Tables","Run":"Y","Test_Case_Name":"Edit_Processing_Status","Description":"Please enter the values  in columns G corresponding to the field name Process_Status_Description respectively","Input_Parameter_Name_1":"Process_Status_Name","Input_Parameter_Value_1":"Intel_100-1","Input_Parameter_Name_2":"Process_Status_Description","Input_Parameter_Value_2":"Editing","Input_Parameter_Name_3":"","Input_Parameter_Value_3":"","Input_Parameter_Name_4":"","Input_Parameter_Value_4":"","Input_Parameter_Name_5":"","Input_Parameter_Value_5":""},{"S":{"No":"28"},"Table_Name":"Restate_Reason","Test_Suite_name":"Metadata_Tables","Run":"Y","Test_Case_Name":"Add_Restate_Reason","Description":"Please enter the values  in columns G,I  corresponding to the field names Restate_Reason_Name,Restate_Reason_Description respectively","Input_Parameter_Name_1":"Restate_Reason_Name","Input_Parameter_Value_1":"Intel_100-1","Input_Parameter_Name_2":"Restate_Reason_Description","Input_Parameter_Value_2":"Vignesh","Input_Parameter_Name_3":"","Input_Parameter_Value_3":"","Input_Parameter_Name_4":"","Input_Parameter_Value_4":"","Input_Parameter_Name_5":"","Input_Parameter_Value_5":""},{"S":{"No":"29"},"Table_Name":"Restate_Reason","Test_Suite_name":"Metadata_Tables","Run":"Y","Test_Case_Name":"Edit_Restate_Reason","Description":"Please enter the values  in columns G corresponding to the field name Restate_Reason_Description respectively","Input_Parameter_Name_1":"Restate_Reason_Name","Input_Parameter_Value_1":"Intel_100-1","Input_Parameter_Name_2":"Restate_Reason_Description","Input_Parameter_Value_2":"Editing","Input_Parameter_Name_3":"","Input_Parameter_Value_3":"","Input_Parameter_Name_4":"","Input_Parameter_Value_4":"","Input_Parameter_Name_5":"","Input_Parameter_Value_5":""},{"S":{"No":"30"},"Table_Name":"Switch","Test_Suite_name":"Metadata_Tables","Run":"Y","Test_Case_Name":"Add_Switch","Description":"Please enter the values  in columns G,I  corresponding to the field names Switch_Name,Switch_Description respectively","Input_Parameter_Name_1":"Switch_Name","Input_Parameter_Value_1":"Intel_100-1","Input_Parameter_Name_2":"Switch_Description","Input_Parameter_Value_2":"Vignesh","Input_Parameter_Name_3":"","Input_Parameter_Value_3":"","Input_Parameter_Name_4":"","Input_Parameter_Value_4":"","Input_Parameter_Name_5":"","Input_Parameter_Value_5":""},{"S":{"No":"31"},"Table_Name":"Switch","Test_Suite_name":"Metadata_Tables","Run":"Y","Test_Case_Name":"Edit_Switch","Description":"Please enter the values  in columns G corresponding to the field name Switch_Description respectively","Input_Parameter_Name_1":"Switch_Name","Input_Parameter_Value_1":"Intel_100-1","Input_Parameter_Name_2":"Switch_Description","Input_Parameter_Value_2":"Editing","Input_Parameter_Name_3":"","Input_Parameter_Value_3":"","Input_Parameter_Name_4":"","Input_Parameter_Value_4":"","Input_Parameter_Name_5":"","Input_Parameter_Value_5":""},{"S":{"No":"32"},"Table_Name":"Transformation","Test_Suite_name":"Metadata_Tables","Run":"Y","Test_Case_Name":"Add_Transformation","Description":"Please enter the values  in columns G,I  corresponding to the field names Transformation_Name,Transformation_Description respectively","Input_Parameter_Name_1":"Transformation_Name","Input_Parameter_Value_1":"Intel_100-1","Input_Parameter_Name_2":"Transformation_Description","Input_Parameter_Value_2":"Vignesh","Input_Parameter_Name_3":"","Input_Parameter_Value_3":"","Input_Parameter_Name_4":"","Input_Parameter_Value_4":"","Input_Parameter_Name_5":"","Input_Parameter_Value_5":""},{"S":{"No":"33"},"Table_Name":"Transformation","Test_Suite_name":"Metadata_Tables","Run":"Y","Test_Case_Name":"Edit_Transformation","Description":"Please enter the values  in columns G corresponding to the field name Transformation_Description respectively","Input_Parameter_Name_1":"Transformation_Name","Input_Parameter_Value_1":"Intel_100-1","Input_Parameter_Name_2":"Transformation_Description","Input_Parameter_Value_2":"Editing","Input_Parameter_Name_3":"","Input_Parameter_Value_3":"","Input_Parameter_Name_4":"","Input_Parameter_Value_4":"","Input_Parameter_Name_5":"","Input_Parameter_Value_5":""},{"S":{"No":"34"},"Table_Name":"Use_Case_Type","Test_Suite_name":"Metadata_Tables","Run":"Y","Test_Case_Name":"Add_Use_Case_Type","Description":"Please enter the values  in columns G,I  corresponding to the field names Use_Case_Type_Name,Use_Case_Type_Description respectively","Input_Parameter_Name_1":"Use_Case_Type_Name","Input_Parameter_Value_1":"Intel_100-1","Input_Parameter_Name_2":"Use_Case_Type_Description","Input_Parameter_Value_2":"Vignesh","Input_Parameter_Name_3":"","Input_Parameter_Value_3":"","Input_Parameter_Name_4":"","Input_Parameter_Value_4":"","Input_Parameter_Name_5":"","Input_Parameter_Value_5":""},{"S":{"No":"35"},"Table_Name":"Use_Case_Type","Test_Suite_name":"Metadata_Tables","Run":"Y","Test_Case_Name":"Edit_Use_Case_Type","Description":"Please enter the values  in columns G corresponding to the field name Use_Case_Type_Description respectively","Input_Parameter_Name_1":"Use_Case_Type_Name","Input_Parameter_Value_1":"Intel_100-1","Input_Parameter_Name_2":"Use_Case_Type_Description","Input_Parameter_Value_2":"Editing","Input_Parameter_Name_3":"","Input_Parameter_Value_3":"","Input_Parameter_Name_4":"","Input_Parameter_Value_4":"","Input_Parameter_Name_5":"","Input_Parameter_Value_5":""},{"S":{"No":"36"},"Table_Name":"Application_Type","Test_Suite_name":"Metadata_Tables","Run":"Y","Test_Case_Name":"Add_Application_Type","Description":"Please enter the values  in columns G,I  corresponding to the field names Application_Type_Name,Application_Type_Description respectively","Input_Parameter_Name_1":"Application_Type_Name","Input_Parameter_Value_1":"Intel_100-1","Input_Parameter_Name_2":"Application_Type_Description","Input_Parameter_Value_2":"Vignesh","Input_Parameter_Name_3":"","Input_Parameter_Value_3":"","Input_Parameter_Name_4":"","Input_Parameter_Value_4":"","Input_Parameter_Name_5":"","Input_Parameter_Value_5":""},{"S":{"No":"37"},"Table_Name":"Application_Type","Test_Suite_name":"Metadata_Tables","Run":"Y","Test_Case_Name":"Edit_Application_Type","Description":"Please enter the values  in columns G corresponding to the field name Application_Type_Description respectively","Input_Parameter_Name_1":"Application_Type_Name","Input_Parameter_Value_1":"Intel_100-1","Input_Parameter_Name_2":"Application_Type_Description","Input_Parameter_Value_2":"Editing","Input_Parameter_Name_3":"","Input_Parameter_Value_3":"","Input_Parameter_Name_4":"","Input_Parameter_Value_4":"","Input_Parameter_Name_5":"","Input_Parameter_Value_5":""},{"S":{"No":"38"},"Table_Name":"Connection_Parameter","Test_Suite_name":"Metadata_Tables","Run":"Y","Test_Case_Name":"Add_Connection_Parameter","Description":"Please enter the values  in columns G,I  corresponding to the field names Connection_Parameter_Name,Connection_Parameter_Description respectively","Input_Parameter_Name_1":"Connection_Parameter_Name","Input_Parameter_Value_1":"Intel_100-1","Input_Parameter_Name_2":"Connection_Parameter_Description","Input_Parameter_Value_2":"Vignesh","Input_Parameter_Name_3":"","Input_Parameter_Value_3":"","Input_Parameter_Name_4":"","Input_Parameter_Value_4":"","Input_Parameter_Name_5":"","Input_Parameter_Value_5":""},{"S":{"No":"39"},"Table_Name":"Connection_Parameter","Test_Suite_name":"Metadata_Tables","Run":"Y","Test_Case_Name":"Edit_Connection_Parameter","Description":"Please enter the values  in columns G corresponding to the field name Connection_Parameter_Description respectively","Input_Parameter_Name_1":"Connection_Parameter_Name","Input_Parameter_Value_1":"Intel_100-1","Input_Parameter_Name_2":"Connection_Parameter_Description","Input_Parameter_Value_2":"Editing","Input_Parameter_Name_3":"","Input_Parameter_Value_3":"","Input_Parameter_Name_4":"","Input_Parameter_Value_4":"","Input_Parameter_Name_5":"","Input_Parameter_Value_5":""},{"S":{"No":"40"},"Table_Name":"Database_Type","Test_Suite_name":"Metadata_Tables","Run":"Y","Test_Case_Name":"Add_Database_Type","Description":"Please enter the values  in columns G,I  corresponding to the field names Database_Type_Name,Database_Type_Description respectively","Input_Parameter_Name_1":"Database_Type_Name","Input_Parameter_Value_1":"Intel_100-1","Input_Parameter_Name_2":"Database_Type_Description","Input_Parameter_Value_2":"Vignesh","Input_Parameter_Name_3":"","Input_Parameter_Value_3":"","Input_Parameter_Name_4":"","Input_Parameter_Value_4":"","Input_Parameter_Name_5":"","Input_Parameter_Value_5":""},{"S":{"No":"41"},"Table_Name":"Database_Type","Test_Suite_name":"Metadata_Tables","Run":"Y","Test_Case_Name":"Edit_Database_Type","Description":"Please enter the values  in columns G corresponding to the field name Database_Type_Description respectively","Input_Parameter_Name_1":"Database_Type_Name","Input_Parameter_Value_1":"Intel_100-1","Input_Parameter_Name_2":"Database_Type_Description","Input_Parameter_Value_2":"Editing","Input_Parameter_Name_3":"","Input_Parameter_Value_3":"","Input_Parameter_Name_4":"","Input_Parameter_Value_4":"","Input_Parameter_Name_5":"","Input_Parameter_Value_5":""},{"S":{"No":"42"},"Table_Name":"External_Object_Type","Test_Suite_name":"Metadata_Tables","Run":"Y","Test_Case_Name":"Add_External_Object_Type","Description":"Please enter the values  in columns G,I  corresponding to the field names External_Object_Type_Name,External_Object_Type_Description respectively","Input_Parameter_Name_1":"External_Object_Type_Name","Input_Parameter_Value_1":"Intel_100-1","Input_Parameter_Name_2":"External_Object_Type_Description","Input_Parameter_Value_2":"Vignesh","Input_Parameter_Name_3":"","Input_Parameter_Value_3":"","Input_Parameter_Name_4":"","Input_Parameter_Value_4":"","Input_Parameter_Name_5":"","Input_Parameter_Value_5":""},{"S":{"No":"43"},"Table_Name":"External_Object_Type","Test_Suite_name":"Metadata_Tables","Run":"Y","Test_Case_Name":"Edit_External_Object_Type","Description":"Please enter the values  in columns G corresponding to the field name External_Object_Type_Description respectively","Input_Parameter_Name_1":"External_Object_Type_Name","Input_Parameter_Value_1":"Intel_100-1","Input_Parameter_Name_2":"External_Object_Type_Description","Input_Parameter_Value_2":"Editing","Input_Parameter_Name_3":"","Input_Parameter_Value_3":"","Input_Parameter_Name_4":"","Input_Parameter_Value_4":"","Input_Parameter_Name_5":"","Input_Parameter_Value_5":""},{"S":{"No":"44"},"Table_Name":"Qualification_System","Test_Suite_name":"Metadata_Tables","Run":"Y","Test_Case_Name":"Add_Qualification_System","Description":"Please enter the values  in columns G,I,K  corresponding to the field names Qualification System Name,Qualification System Description,File Type respectively","Input_Parameter_Name_1":"Qualification_System_Name","Input_Parameter_Value_1":"Intel_100-1","Input_Parameter_Name_2":"Qualification_System_Description","Input_Parameter_Value_2":"Vignesh","Input_Parameter_Name_3":"Platform","Input_Parameter_Value_3":"ERP","Input_Parameter_Name_4":"","Input_Parameter_Value_4":"","Input_Parameter_Name_5":"","Input_Parameter_Value_5":""},{"S":{"No":"45"},"Table_Name":"Qualification_System","Test_Suite_name":"Metadata_Tables","Run":"Y","Test_Case_Name":"Edit_Qualification_System","Description":"Please enter the values  in columns G,I corresponding to the field name Qualification System Description,File Type respectively","Input_Parameter_Name_1":"Qualification_System_Name","Input_Parameter_Value_1":"Intel_100-1","Input_Parameter_Name_2":"Qualification_System_Description","Input_Parameter_Value_2":"Editing_1","Input_Parameter_Name_3":"Platform","Input_Parameter_Value_3":"CRM","Input_Parameter_Name_4":"","Input_Parameter_Value_4":"","Input_Parameter_Name_5":"","Input_Parameter_Value_5":""},{"S":{"No":"46"},"Table_Name":"External_Application","Test_Suite_name":"Metadata_Tables","Run":"Y","Test_Case_Name":"Add_External_Application","Description":"Please enter the values  in columns G,I,K,M  corresponding to the field names External Application Name,External Application Description,External Database Type Name,External Application Type Name respectively","Input_Parameter_Name_1":"External_Application_Name","Input_Parameter_Value_1":"Intel_100-1","Input_Parameter_Name_2":"External_Application_Description","Input_Parameter_Value_2":"Vignesh","Input_Parameter_Name_3":"External_Database_Type_Name","Input_Parameter_Value_3":"Hive","Input_Parameter_Name_4":"External_Application_Type_Name","Input_Parameter_Value_4":"DBMS","Input_Parameter_Name_5":"","Input_Parameter_Value_5":""},{"S":{"No":"47"},"Table_Name":"External_Application","Test_Suite_name":"Metadata_Tables","Run":"Y","Test_Case_Name":"Edit_External_Application","Description":"Please enter the values  in columns G,I,K corresponding to the field name External Application Description,External Database Type Name,External Application Type Name respectively","Input_Parameter_Name_1":"External_Application_Name","Input_Parameter_Value_1":"Intel_100-1","Input_Parameter_Name_2":"External_Application_Description","Input_Parameter_Value_2":"Edit","Input_Parameter_Name_3":"External_Database_Type_Name","Input_Parameter_Value_3":"Oracle","Input_Parameter_Name_4":"External_Application_Type_Name","Input_Parameter_Value_4":"NON-DBMS","Input_Parameter_Name_5":"","Input_Parameter_Value_5":""},{"S":{"No":"48"},"Table_Name":"Application","Test_Suite_name":"Metadata_Tables","Run":"Y","Test_Case_Name":"Add_Application","Description":"Please enter the values  in columns G,I  corresponding to the field names Application Name,Application Description respectively","Input_Parameter_Name_1":"Application_Name","Input_Parameter_Value_1":"Intel_100-1","Input_Parameter_Name_2":"Application_Description","Input_Parameter_Value_2":"Vignesh","Input_Parameter_Name_3":"","Input_Parameter_Value_3":"","Input_Parameter_Name_4":"","Input_Parameter_Value_4":"","Input_Parameter_Name_5":"","Input_Parameter_Value_5":""},{"S":{"No":"49"},"Table_Name":"Application","Test_Suite_name":"Metadata_Tables","Run":"Y","Test_Case_Name":"Edit_Application","Description":"Please enter the values  in columns G corresponding to the field name Application Description respectively","Input_Parameter_Name_1":"Application_Name","Input_Parameter_Value_1":"Intel_100-1","Input_Parameter_Name_2":"Application_Description","Input_Parameter_Value_2":"Editing","Input_Parameter_Name_3":"","Input_Parameter_Value_3":"","Input_Parameter_Name_4":"","Input_Parameter_Value_4":"","Input_Parameter_Name_5":"","Input_Parameter_Value_5":""},{"S":{"No":"50"},"Table_Name":"Affiliation","Test_Suite_name":"Metadata_Tables","Run":"Y","Test_Case_Name":"Add_Affiliation_Type","Description":"Please enter the values  in columns G,I  corresponding to the field names Affiliation Type Name,Affiliation Type Description respectively","Input_Parameter_Name_1":"Affiliation_Type_Name","Input_Parameter_Value_1":"Intel_100-1","Input_Parameter_Name_2":"Affiliation_Type_Description","Input_Parameter_Value_2":"Vignesh","Input_Parameter_Name_3":"","Input_Parameter_Value_3":"","Input_Parameter_Name_4":"","Input_Parameter_Value_4":"","Input_Parameter_Name_5":"","Input_Parameter_Value_5":""},{"S":{"No":"51"},"Table_Name":"Affiliation","Test_Suite_name":"Metadata_Tables","Run":"Y","Test_Case_Name":"Edit_Affiliation_Type","Description":"Please enter the values  in columns G corresponding to the field name Affiliation Type Description respectively","Input_Parameter_Name_1":"Affiliation_Type_Name","Input_Parameter_Value_1":"Intel_100-1","Input_Parameter_Name_2":"Affiliation_Type_Description","Input_Parameter_Value_2":"Editing","Input_Parameter_Name_3":"","Input_Parameter_Value_3":"","Input_Parameter_Name_4":"","Input_Parameter_Value_4":"","Input_Parameter_Name_5":"","Input_Parameter_Value_5":""},{"S":{"No":"52"},"Table_Name":"Resource_Type","Test_Suite_name":"Metadata_Tables","Run":"Y","Test_Case_Name":"Add_Resource_Type","Description":"Please enter the values  in columns G,I  corresponding to the field names Resource Type Name,Resource Type Description respectively","Input_Parameter_Name_1":"Resource_Type_Name","Input_Parameter_Value_1":"Intel_100-1","Input_Parameter_Name_2":"Resource_Type_Description","Input_Parameter_Value_2":"Vignesh","Input_Parameter_Name_3":"","Input_Parameter_Value_3":"","Input_Parameter_Name_4":"","Input_Parameter_Value_4":"","Input_Parameter_Name_5":"","Input_Parameter_Value_5":""},{"S":{"No":"53"},"Table_Name":"Resource_Type","Test_Suite_name":"Metadata_Tables","Run":"Y","Test_Case_Name":"Edit_Resource_Type","Description":"Please enter the values  in columns G corresponding to the field name Resource Type Description respectively","Input_Parameter_Name_1":"Resource_Type_Name","Input_Parameter_Value_1":"Intel_100-1","Input_Parameter_Name_2":"Resource_Type_Description","Input_Parameter_Value_2":"Editing","Input_Parameter_Name_3":"","Input_Parameter_Value_3":"","Input_Parameter_Name_4":"","Input_Parameter_Value_4":"","Input_Parameter_Name_5":"","Input_Parameter_Value_5":""},{"S":{"No":"54"},"Table_Name":"Principal_Type","Test_Suite_name":"Metadata_Tables","Run":"Y","Test_Case_Name":"Add_Principal_Type","Description":"Please enter the values  in columns G,I  corresponding to the field names Principal Type Name,Principal Type Description respectively","Input_Parameter_Name_1":"Principal_Type_Name","Input_Parameter_Value_1":"Intel_100-1","Input_Parameter_Name_2":"Principal_Type_Description","Input_Parameter_Value_2":"Vignesh","Input_Parameter_Name_3":"","Input_Parameter_Value_3":"","Input_Parameter_Name_4":"","Input_Parameter_Value_4":"","Input_Parameter_Name_5":"","Input_Parameter_Value_5":""},{"S":{"No":"55"},"Table_Name":"Principal_Type","Test_Suite_name":"Metadata_Tables","Run":"Y","Test_Case_Name":"Edit_Principal_Type","Description":"Please enter the values  in columns G corresponding to the field name Principal Type Name respectively","Input_Parameter_Name_1":"Principal_Type_Name","Input_Parameter_Value_1":"Intel_100-1","Input_Parameter_Name_2":"Principal_Type_Description","Input_Parameter_Value_2":"Editing","Input_Parameter_Name_3":"","Input_Parameter_Value_3":"","Input_Parameter_Name_4":"","Input_Parameter_Value_4":"","Input_Parameter_Name_5":"","Input_Parameter_Value_5":""},{"S":{"No":"56"},"Table_Name":"","Test_Suite_name":"Upload_History_Page","Run":"N","Test_Case_Name":"Going_to_Upload_History_Page","Description":"","Input_Parameter_Name_1":"","Input_Parameter_Value_1":"","Input_Parameter_Name_2":"","Input_Parameter_Value_2":"","Input_Parameter_Name_3":"","Input_Parameter_Value_3":"","Input_Parameter_Name_4":"","Input_Parameter_Value_4":"","Input_Parameter_Name_5":"","Input_Parameter_Value_5":""},{"S":{"No":"57"},"Table_Name":"","Test_Suite_name":"Upload_History_Page","Run":"N","Test_Case_Name":"Pagetitle_Validation","Description":"","Input_Parameter_Name_1":"","Input_Parameter_Value_1":"","Input_Parameter_Name_2":"","Input_Parameter_Value_2":"","Input_Parameter_Name_3":"","Input_Parameter_Value_3":"","Input_Parameter_Name_4":"","Input_Parameter_Value_4":"","Input_Parameter_Name_5":"","Input_Parameter_Value_5":""},{"S":{"No":"58"},"Table_Name":"","Test_Suite_name":"Upload_History_Page","Run":"N","Test_Case_Name":"History_Tab_Subdescription_Validation","Description":"","Input_Parameter_Name_1":"","Input_Parameter_Value_1":"","Input_Parameter_Name_2":"","Input_Parameter_Value_2":"","Input_Parameter_Name_3":"","Input_Parameter_Value_3":"","Input_Parameter_Name_4":"","Input_Parameter_Value_4":"","Input_Parameter_Name_5":"","Input_Parameter_Value_5":""},{"S":{"No":"62"},"Table_Name":"","Test_Suite_name":"New_Template_Creation","Run":"Y","Test_Case_Name":"Add a New Platform","Description":"","Input_Parameter_Name_1":"Platform_Name","Input_Parameter_Value_1":"MANY","Input_Parameter_Name_2":"Platform_Desc","Input_Parameter_Value_2":"SUPER","Input_Parameter_Name_3":"","Input_Parameter_Value_3":"","Input_Parameter_Name_4":"","Input_Parameter_Value_4":"","Input_Parameter_Name_5":"","Input_Parameter_Value_5":""},{"S":{"No":"63"},"Table_Name":"","Test_Suite_name":"New_Template_Creation","Run":"Y","Test_Case_Name":"Add a New Subject Area","Description":"","Input_Parameter_Name_1":"Subject_Name","Input_Parameter_Value_1":"RED","Input_Parameter_Name_2":"Subject_Desc","Input_Parameter_Value_2":"Description","Input_Parameter_Name_3":"","Input_Parameter_Value_3":"","Input_Parameter_Name_4":"","Input_Parameter_Value_4":"","Input_Parameter_Name_5":"","Input_Parameter_Value_5":""},{"S":{"No":"64"},"Table_Name":"","Test_Suite_name":"New_Template_Creation","Run":"Y","Test_Case_Name":"Add a New Process","Description":"","Input_Parameter_Name_1":"Process_Name","Input_Parameter_Value_1":"ORANGE","Input_Parameter_Name_2":"Process_Desc","Input_Parameter_Value_2":"DESC","Input_Parameter_Name_3":"","Input_Parameter_Value_3":"","Input_Parameter_Name_4":"","Input_Parameter_Value_4":"","Input_Parameter_Name_5":"","Input_Parameter_Value_5":""},{"S":{"No":"65"},"Table_Name":"","Test_Suite_name":"New_Template_Creation","Run":"Y","Test_Case_Name":"Add a New Dataset","Description":"","Input_Parameter_Name_1":"Dataset_Name","Input_Parameter_Value_1":"First_Intel_2000","Input_Parameter_Name_2":"Dataset_Description","Input_Parameter_Value_2":"Vignesh","Input_Parameter_Name_3":"File_Type","Input_Parameter_Value_3":"Delimited","Input_Parameter_Name_4":"File_Delimiter","Input_Parameter_Value_4":",","Input_Parameter_Name_5":"Header_Ind","Input_Parameter_Value_5":"Y"},{"S":{"No":"66"},"Table_Name":"","Test_Suite_name":"New_Template_Creation","Run":"Y","Test_Case_Name":"Create_Field_Addition_Template","Description":"","Input_Parameter_Name_1":"Field_Name","Input_Parameter_Value_1":"one|two|three|four","Input_Parameter_Name_2":"Effective_Start_Date(yyyy-mm-dd)","Input_Parameter_Value_2":"2022-08-22|2022-08-23|2022-08-25|2022-08-25","Input_Parameter_Name_3":"Effective_End_Date(yyyy-mm-dd)","Input_Parameter_Value_3":"2022-08-25|2022-08-25|2022-08-25|2022-08-25","Input_Parameter_Name_4":"Mandatory_Fields","Input_Parameter_Value_4":"Y|N|Y|Y","Input_Parameter_Name_5":"","Input_Parameter_Value_5":""},{"S":{"No":"68"},"Table_Name":"","Test_Suite_name":"New_Template_Creation","Run":"Y","Test_Case_Name":"Create_JSON_Template","Description":"","Input_Parameter_Name_1":"JSON","Input_Parameter_Value_1":"one|two|three","Input_Parameter_Name_2":"","Input_Parameter_Value_2":"","Input_Parameter_Name_3":"","Input_Parameter_Value_3":"","Input_Parameter_Name_4":"","Input_Parameter_Value_4":"","Input_Parameter_Name_5":"","Input_Parameter_Value_5":""},{"S":{"No":"69"},"Table_Name":"","Test_Suite_name":"New_Template_Creation","Run":"Y","Test_Case_Name":"Create_XML_Template","Description":"","Input_Parameter_Name_1":"XML","Input_Parameter_Value_1":"one|two|three","Input_Parameter_Name_2":"","Input_Parameter_Value_2":"","Input_Parameter_Name_3":"","Input_Parameter_Value_3":"","Input_Parameter_Name_4":"","Input_Parameter_Value_4":"","Input_Parameter_Name_5":"","Input_Parameter_Value_5":""}]