﻿S.No,Table_Name,Test_Suite_name,Test_Case_Name,Description,Input_Parameter_Name_1,Input_Parameter_Value_1,Input_Parameter_Name_2,Input_Parameter_Value_2,Input_Parameter_Name_3,Input_Parameter_Value_3,Input_Parameter_Name_4,Input_Parameter_Value_4,Input_Parameter_Name_5,Input_Parameter_Value_5
1,Classification_Hierarchy,Metadata_insertion,Add_Classification_Hierarchy,Please enter the values ​​in column E for the Classification Name field and column H for Classification Description to add a record in the Classification Hierarchy table,Classification_name,Intel,Classification_Description,Vignesh,,,,,,
2,Classification_Hierarchy,Metadata_insertion,Edit_Classification,Please enter the values ​​in column E for the Classification Name field and column H for Classification Description to edit a record in the Classification Hierarchy table,Classification_Description,Editing,,,,,,,,
3,Dataset,Metadata_insertion,Add_Dataset,"Please enter the values  in columns F,H,J,L,N the values ​​corresponding to the field names in columns  G , I, K ,M,O",Dataset_Name,Intel,Dataset_Description,Vignesh,File_Type,Delimited,File_Delimiter,",",Header_Ind,Y
4,Dataset,Metadata_insertion,Edit_Dataset,"Please enter the values  in columns H,J,L,N the values ​​corresponding to the field names in columns  I, K ,M,O",Dataset_Description,Editing,File_Type,json,File_Delimiter,|,Header_Ind,N,,
