﻿PartnerCMF#,SFAccountID,DateOfShipment,ShipToName,CustomerType,ShipToCountryCode,PartnerPartNumber,Quantity
,,12/22/21,COGNEX CORPORATION,,US,OnLogic_TBD,
6100210734,001o000000O66D4AAJ,12/22/21,COGNEX CORPORATION,,US,K700-SE,163
6100210734,001o000000O66D4AAJ,12/22/21,COGNEX CORPORATION,,US,K700-X2,-1
6100210734,001o000000O66D4AAJ,12/22/21,OnLogic Inc.,,US,K300,23.33
6100210734,001o000000O66D4AAJ,12/22/21,Hitachi Vantara Corporation,,US,DS-1200,aa
6100210734,001o000000O66D4AAJ,12/22/21,Hitachi Vantara Corporation,,US,OnLogic_i5-8500T,1
6100210734,001o000000O66D4AAJ,12/22/21,Hitachi Vantara Corporation,,US,K300,1
6100210734,001o000000O66D4AAJ,12/22/21,"SICK, Inc.",,US,K700-SE,1
6100210734,001o000000O66D4AAJ,12/22/21,"SICK, Inc.",,US,OnLogic_i7-7700T,1
6100210734,001o000000O66D4AAJ,12/22/21,OnLogic Inc.,,US,OnLogic_TBD,0
